{"cameraMode":{"drawMode":0,"name":"Shaded","section":"Shading Mode"},"sceneLighting":false,"audioPlay":false,"sceneViewState":{"m_AlwaysRefresh":false,"showFog":true,"showSkybox":true,"showFlares":true,"showImageEffects":true,"showParticleSystems":true,"showVisualEffectGraphs":true,"m_FxEnabled":true},"in2DMode":false,"pivot":{"x":-276.1192932128906,"y":8.319390296936036,"z":46.19310760498047},"rotation":{"x":0.18662041425704957,"y":0.7937960028648377,"z":-0.29878395795822146,"w":0.49578699469566347},"size":26.697856903076173,"orthographic":true}