{"cameraMode":{"drawMode":0,"name":"Shaded","section":"Shading Mode"},"sceneLighting":false,"audioPlay":false,"sceneViewState":{"m_AlwaysRefresh":false,"showFog":true,"showSkybox":false,"showFlares":true,"showImageEffects":true,"showParticleSystems":true,"showVisualEffectGraphs":true,"m_FxEnabled":true},"in2DMode":false,"pivot":{"x":-2.559999942779541,"y":1.0800000429153443,"z":7.028581619262695},"rotation":{"x":0.020985819399356843,"y":-0.03448636084794998,"z":0.000728743092622608,"w":0.9991956949234009},"size":2.1914374828338625,"orthographic":true}